<?xml version="1.0" encoding="UTF-8"?> 
 <definitions 
 xmlns="http://schemas.xmlsoap.org/wsdl/" 
 xmlns:wsdl="http://schemas.xmlsoap.org/wsdl/" 
 xmlns:xsd="http://www.w3.org/2001/XMLSchema" 
 xmlns:soap="http://schemas.xmlsoap.org/wsdl/soap/" name="GuestService" targetNamespace="http://reservacion.iluminatic.com/" xmlns:tns="http://reservacion.iluminatic.com/" xmlns:wsp="http://www.w3.org/ns/ws-policy" xmlns:wsu="http://docs.oasis-open.org/wss/2004/01/oasis-200401-wss-wssecurity-utility-1.0.xsd" xmlns:wsoma="http://schemas.xmlsoap.org/ws/2004/09/policy/optimizedmimeserialization" xmlns:wsp1="http://schemas.xmlsoap.org/ws/2004/09/policy" xmlns:fi="http://java.sun.com/xml/ns/wsit/2006/09/policy/fastinfoset/service" xmlns:tcp="http://java.sun.com/xml/ns/wsit/2006/09/policy/soaptcp/service" xmlns:wsaw="http://www.w3.org/2005/08/addressing" xmlns:wsrm="http://schemas.xmlsoap.org/ws/2005/02/rm/policy" xmlns:wsam="http://www.w3.org/2007/05/addressing/metadata" xmlns:sp="http://docs.oasis-open.org/ws-sx/ws-securitypolicy/200702" 
 >
    <message name="Agrega_Invitado"/>
    <message name="Agrega_InvitadoResponse"/>
    <message name="GuestManagementException"/>
    <message name="Elimina_Invitado"/>
    <message name="Elimina_InvitadoResponse"/>
    <message name="Obtiene_Detalle_Invitado"/>
    <message name="Obtiene_Detalle_InvitadoResponse"/>
    <portType name="GuestService">
        <operation name="Agrega_Invitado">
            <input message="tns:Agrega_Invitado"/>
            <output message="tns:Agrega_InvitadoResponse"/>
            <fault name="GuestManagementException" message="tns:GuestManagementException"/>
        </operation>
        <operation name="Elimina_Invitado">
            <input message="tns:Elimina_Invitado"/>
            <output message="tns:Elimina_InvitadoResponse"/>
            <fault name="GuestManagementException" message="tns:GuestManagementException"/>
        </operation>
        <operation name="Obtiene_Detalle_Invitado">
            <input message="tns:Obtiene_Detalle_Invitado"/>
            <output message="tns:Obtiene_Detalle_InvitadoResponse"/>
        </operation>
    </portType>
    <binding name="GuestServicePortBinding" type="tns:GuestService">
        <wsp1:PolicyReference URI="#GuestServicePortBindingPolicy"/>
        <operation name="Agrega_Invitado">
            <input></input>
            <output></output>
            <fault name="GuestManagementException"/>
        </operation>
        <operation name="Elimina_Invitado">
            <input></input>
            <output></output>
            <fault name="GuestManagementException"/>
        </operation>
        <operation name="Obtiene_Detalle_Invitado">
            <input/>
            <output/>
            <fault/>
        </operation>
    </binding>
    <service name="GuestService">
        <port name="GuestServicePort" binding="tns:GuestServicePortBinding"/>
    </service>
    <wsp1:Policy wsu:Id="GuestServicePortBindingPolicy">
        <wsp1:ExactlyOne>
            <wsp1:All>
                <wsaw:UsingAddressing xmlns:wsaw="http://www.w3.org/2006/05/addressing/wsdl" wsp1:Optional="false"/>
                <wsam:Addressing wsp:Optional="false"/>
                <sp:Trust13>
                    <wsp:Policy>
                        <sp:RequireClientEntropy/>
                        <sp:RequireServerEntropy/>
                        <sp:MustSupportIssuedTokens/>
                    </wsp:Policy>
                </sp:Trust13>
            </wsp1:All>
        </wsp1:ExactlyOne>
    </wsp1:Policy>
    <wsp:Policy wsu:Id="GuestServicePortBinding_getGuestDetails_Input_Policy">
        <wsp:ExactlyOne>
            <wsp:All>
                <sp:EncryptedParts>
                    <sp:Body/>
                </sp:EncryptedParts>
                <sp:SignedParts>
                    <sp:Body/>
                </sp:SignedParts>
            </wsp:All>
        </wsp:ExactlyOne>
    </wsp:Policy>
    <wsp:Policy wsu:Id="GuestServicePortBinding_getGuestDetails_Output_Policy">
        <wsp:ExactlyOne>
            <wsp:All>
                <sp:EncryptedParts>
                    <sp:Body/>
                </sp:EncryptedParts>
                <sp:SignedParts>
                    <sp:Body/>
                </sp:SignedParts>
            </wsp:All>
        </wsp:ExactlyOne>
    </wsp:Policy>
    <wsp:Policy wsu:Id="GuestServicePortBinding_Obtiene_deta_inivitado_Input_Policy">
        <wsp:ExactlyOne>
            <wsp:All>
                <sp:EncryptedParts>
                    <sp:Body/>
                </sp:EncryptedParts>
                <sp:SignedParts>
                    <sp:Body/>
                </sp:SignedParts>
            </wsp:All>
        </wsp:ExactlyOne>
    </wsp:Policy>
    <wsp:Policy wsu:Id="GuestServicePortBinding_Obtiene_deta_inivitado_Output_Policy">
        <wsp:ExactlyOne>
            <wsp:All>
                <sp:EncryptedParts>
                    <sp:Body/>
                </sp:EncryptedParts>
                <sp:SignedParts>
                    <sp:Body/>
                </sp:SignedParts>
            </wsp:All>
        </wsp:ExactlyOne>
    </wsp:Policy>
</definitions>
